[
    {
        "title": "Phase 3 Study of XYZ Drug for Breast Cancer",
        "description": "A randomized, double-blind study to evaluate the effectiveness of XYZ drug in patients with HER2-positive breast cancer.",
        "status": "ongoing",
        "start_date": "2024-12-12",
        "end_date": "2032-12-12"
    },
    {
        "title": "Study of Pembrolizumab in Patients With Advanced Melanoma",
        "description": "A clinical trial evaluating the efficacy and safety of Pembrolizumab in patients with advanced melanoma who have not responded to previous treatments.",
        "status": "completed",
        "start_date": "2022-01-15",
        "end_date": "2023-06-30"
    },
    {
        "title": "Phase III Study of Adjuvant Chemotherapy in Breast Cancer",
        "description": "This trial assesses the benefits of adjuvant chemotherapy on survival rates in patients with early-stage breast cancer following surgery.",
        "status": "ongoing",
        "start_date": "2023-03-01",
        "end_date": "2025-12-31"
    },
    {
        "title": "CAR T-Cell Therapy in Refractory Leukemia Patients",
        "description": "A trial focused on the effectiveness of CAR T-cell therapy in patients with leukemia who have not responded to conventional treatments.",
        "status": "recruiting",
        "start_date": "2024-01-10",
        "end_date": "2026-07-15"
    },
    {
        "title": "COVID-19 Vaccine Booster Efficacy Study",
        "description": "This study examines the long-term efficacy and safety of COVID-19 vaccine boosters in adults.",
        "status": "ongoing",
        "start_date": "2023-07-01",
        "end_date": "2024-12-31"
    },
    {
        "title": "Effectiveness of Drug X in Treating Alzheimer\u2019s Disease",
        "description": "A Phase II study evaluating the impact of Drug X on cognitive function in patients diagnosed with early-stage Alzheimer's disease.",
        "status": "recruiting",
        "start_date": "2024-05-01",
        "end_date": "2026-05-01"
    },
    {
        "title": "Study of Pembrolizumab in Patients With Advanced Melanoma",
        "description": "A clinical trial evaluating the efficacy and safety of Pembrolizumab in patients with advanced melanoma who have not responded to previous treatments.",
        "status": "recruiting",
        "start_date": "2022-12-12",
        "end_date": "2000-12-12"
    }
]