{
    "genomicData": [
      {
        "marker": "BRCA1",
        "cancerType": "Breast Cancer",
        "mutationType": "Insertion",
        "prevalence": 15
      },
      {
        "marker": "TP53",
        "cancerType": "Lung Cancer",
        "mutationType": "Missense",
        "prevalence": 25
      },
      {
        "marker": "KRAS",
        "cancerType": "Colorectal Cancer",
        "mutationType": "Point Mutation",
        "prevalence": 40
      },
      {
        "marker": "EGFR",
        "cancerType": "Non-Small Cell Lung Cancer",
        "mutationType": "Deletion",
        "prevalence": 30
      }
    ]
  }
  