[
    {
        "patientID": "67233666ca87f",
        "patientName": "Nancy Kiogora",
        "age": "90",
        "gender": "Female",
        "contact": "09247878844",
        "address": "AB 123 NEY VINNA JR",
        "medicalHistory": "Have diabetes 7 hyper phobia "
    },
    {
        "patientID": "672336d81d3e0",
        "patientName": "Nancy Kiogora",
        "age": "45",
        "gender": "Female",
        "contact": "09247878844",
        "address": "AB 123 NEY VINNA JR",
        "medicalHistory": "have lukemia genetics 5"
    }
]